{
    "browsers": [
        {
            "browser": "edge",
            "os": "Windows 11",
            "versions": [
                "latest"
            ]
        } 
    ],
    "run_settings": {
        "cypress_config_file": "cypress.json",
        "project_name": "saferpay",
        "build_name": "saferpay_build",
        "exclude": [],
        "parallels": "1",
        "npm_dependencies": {
            "cypress-iframe": "1.0.1"
        },
        "package_config_options": {},
        "headless": true
    },
    "connection_settings": {
        "local": false,
        "local_identifier": null,
        "local_mode": null,
        "local_config_file": null
    },
    "disable_usage_reporting": false
}
